{
	"textures": {
		"0": "item/weapons/warhammers/void_hammer"
	},
	"elements": [
		{
			"from": [0, 11, 11],
			"to": [1, 13, 13],
			"rotation": {"angle": 0, "axis": "y", "origin": [8, 19, 19]},
			"faces": {
				"north": {"uv": [5.5, 7, 6, 7.5], "texture": "#0"},
				"east": {"uv": [6.5, 7, 5.5, 7.998], "texture": "#0"},
				"south": {"uv": [6, 7, 6.5, 8], "texture": "#0"},
				"west": {"uv": [5.5, 7, 6.5, 7.998], "texture": "#0"},
				"up": {"uv": [5.5, 7, 6, 8], "texture": "#0"},
				"down": {"uv": [5.5, 7.5, 6, 8.5], "texture": "#0"}
			}
		},
		{
			"from": [-3, 13, 8],
			"to": [4, 20, 20],
			"rotation": {"angle": 45, "axis": "x", "origin": [-1, 15, 11]},
			"faces": {
				"north": {"uv": [6, 0, 9.499, 3.5], "texture": "#0"},
				"east": {"uv": [9.5, 0, 15.499, 3.5], "texture": "#0"},
				"south": {"uv": [12, 3.5, 15.499, 6.999], "texture": "#0"},
				"west": {"uv": [0, 0, 5.999, 3.5], "texture": "#0"},
				"up": {"uv": [0, 3.5, 6, 6.999], "rotation": 90, "texture": "#0"},
				"down": {"uv": [6, 3.5, 11.999, 6.999], "rotation": 90, "texture": "#0"}
			}
		},
		{
			"from": [0, 0, 0],
			"to": [1, 3, 3],
			"faces": {
				"north": {"uv": [0, 12, 0.5, 13.499], "texture": "#0"},
				"east": {"uv": [1.5, 12, 0, 13.5], "texture": "#0"},
				"south": {"uv": [1, 12, 1.5, 13.5], "texture": "#0"},
				"west": {"uv": [0, 12, 1.499, 13.498], "texture": "#0"},
				"up": {"uv": [0, 12, 1.5, 12.5], "rotation": 90, "texture": "#0"},
				"down": {"uv": [0, 13, 1.5, 13.5], "rotation": 270, "texture": "#0"}
			}
		},
		{
			"from": [0, 2, 2],
			"to": [1, 4, 4],
			"rotation": {"angle": 0, "axis": "y", "origin": [8, 11, 11]},
			"faces": {
				"north": {"uv": [1, 11.5, 1.5, 12], "texture": "#0"},
				"east": {"uv": [2, 11.5, 1, 12.499], "texture": "#0"},
				"south": {"uv": [1.5, 11.5, 2, 12.5], "texture": "#0"},
				"west": {"uv": [1, 11.5, 2, 12.499], "texture": "#0"},
				"up": {"uv": [1, 11.5, 1.5, 12], "texture": "#0"},
				"down": {"uv": [1.5, 11.5, 2, 12.5], "texture": "#0"}
			}
		},
		{
			"from": [0, 3, 3],
			"to": [1, 5, 5],
			"rotation": {"angle": 0, "axis": "y", "origin": [8, 11, 11]},
			"faces": {
				"north": {"uv": [1.5, 10.999, 2, 11.499], "texture": "#0"},
				"east": {"uv": [2.5, 11, 1.5, 11.999], "texture": "#0"},
				"south": {"uv": [2, 11, 2.5, 12], "texture": "#0"},
				"west": {"uv": [1.5, 11, 2.5, 12], "texture": "#0"},
				"up": {"uv": [1.5, 10.999, 2, 11.499], "texture": "#0"},
				"down": {"uv": [2, 11, 2.5, 12], "texture": "#0"}
			}
		},
		{
			"from": [0, 4, 4],
			"to": [1, 6, 6],
			"rotation": {"angle": 0, "axis": "y", "origin": [8, 12, 12]},
			"faces": {
				"north": {"uv": [2, 10.5, 2.5, 11], "texture": "#0"},
				"east": {"uv": [3, 10.5, 2, 11.498], "texture": "#0"},
				"south": {"uv": [3.5, 9.5, 4, 10.5], "texture": "#0"},
				"west": {"uv": [2, 10.5, 3, 11.498], "texture": "#0"},
				"up": {"uv": [2, 10.5, 2.5, 11], "texture": "#0"},
				"down": {"uv": [3.5, 9.5, 4, 10.5], "texture": "#0"}
			}
		},
		{
			"from": [0, 5, 5],
			"to": [1, 7, 7],
			"rotation": {"angle": 0, "axis": "y", "origin": [8, 13, 13]},
			"faces": {
				"north": {"uv": [2.5, 10, 3, 10.5], "texture": "#0"},
				"east": {"uv": [3.5, 10, 2.5, 10.999], "texture": "#0"},
				"south": {"uv": [3.5, 9.5, 4, 10.5], "texture": "#0"},
				"west": {"uv": [2.5, 10, 3.5, 10.999], "texture": "#0"},
				"up": {"uv": [3, 9.5, 3.5, 10], "texture": "#0"},
				"down": {"uv": [2.5, 10.5, 3, 11.5], "texture": "#0"}
			}
		},
		{
			"from": [0, 6, 6],
			"to": [1, 8, 8],
			"rotation": {"angle": 0, "axis": "y", "origin": [8, 14, 14]},
			"faces": {
				"north": {"uv": [3, 9.5, 3.5, 10], "texture": "#0"},
				"east": {"uv": [4, 9.5, 3, 10.498], "texture": "#0"},
				"south": {"uv": [3.5, 9.5, 4, 10.5], "texture": "#0"},
				"west": {"uv": [3, 9.5, 4, 10.498], "texture": "#0"},
				"up": {"uv": [3, 9.5, 3.5, 10], "texture": "#0"},
				"down": {"uv": [3.5, 9.5, 4, 10.5], "texture": "#0"}
			}
		},
		{
			"from": [0, 8, 8],
			"to": [1, 10, 10],
			"rotation": {"angle": 0, "axis": "y", "origin": [8, 16, 16]},
			"faces": {
				"north": {"uv": [4, 8.5, 4.5, 9], "texture": "#0"},
				"east": {"uv": [5, 8.5, 4, 9.498], "texture": "#0"},
				"south": {"uv": [4, 9, 4.5, 10], "texture": "#0"},
				"west": {"uv": [4, 8.5, 5, 9.498], "texture": "#0"},
				"up": {"uv": [4, 8.5, 4.5, 9], "texture": "#0"},
				"down": {"uv": [4, 9, 4.5, 10], "texture": "#0"}
			}
		},
		{
			"from": [0, 9, 9],
			"to": [1, 11, 11],
			"rotation": {"angle": 0, "axis": "y", "origin": [8, 17, 17]},
			"faces": {
				"north": {"uv": [4.5, 8, 5, 8.5], "texture": "#0"},
				"east": {"uv": [5.5, 8, 4.5, 8.998], "texture": "#0"},
				"south": {"uv": [5, 8, 5.5, 9], "texture": "#0"},
				"west": {"uv": [4.5, 8, 5.5, 8.998], "texture": "#0"},
				"up": {"uv": [4.5, 8, 5, 8.5], "texture": "#0"},
				"down": {"uv": [4.5, 8.5, 5, 9.5], "texture": "#0"}
			}
		},
		{
			"from": [0, 7, 7],
			"to": [1, 9, 9],
			"rotation": {"angle": 0, "axis": "y", "origin": [8, 15, 15]},
			"faces": {
				"north": {"uv": [3.5, 9, 4, 9.5], "texture": "#0"},
				"east": {"uv": [4.5, 9, 3.5, 9.998], "texture": "#0"},
				"south": {"uv": [3.5, 9.5, 4, 10.5], "texture": "#0"},
				"west": {"uv": [3.5, 9, 4.5, 9.998], "texture": "#0"},
				"up": {"uv": [3.5, 9, 4, 9.5], "texture": "#0"},
				"down": {"uv": [3.5, 9.5, 4, 10.5], "texture": "#0"}
			}
		},
		{
			"from": [0, 10, 10],
			"to": [1, 12, 12],
			"rotation": {"angle": 0, "axis": "y", "origin": [8, 18, 18]},
			"faces": {
				"north": {"uv": [5, 7.5, 5.5, 8], "texture": "#0"},
				"east": {"uv": [6, 7.5, 5, 8.498], "texture": "#0"},
				"south": {"uv": [5, 8, 5.5, 9], "texture": "#0"},
				"west": {"uv": [5, 7.5, 6, 8.498], "texture": "#0"},
				"up": {"uv": [5, 7.5, 5.5, 8], "texture": "#0"},
				"down": {"uv": [5, 8, 5.5, 9], "texture": "#0"}
			}
		}
	],
	"display": {
		"thirdperson_righthand": {
			"rotation": [-30, 0, 0],
			"translation": [7, 3, 2]
		},
		"thirdperson_lefthand": {
			"rotation": [-30, 0, 0],
			"translation": [-8, 3, 2]
		},
		"firstperson_righthand": {
			"rotation": [-30, 0, 0],
			"translation": [7, 3, 2],
			"scale": [0.8, 0.8, 0.8]
		},
		"firstperson_lefthand": {
			"rotation": [-30, 0, 0],
			"translation": [-8, 3, 2],
			"scale": [0.8, 0.8, 0.8]
		},
		"ground": {
			"rotation": [3, 94, 61],
			"translation": [-1.25, 5.5, -2]
		},
		"gui": {
			"rotation": [0, 90, 0],
			"translation": [-1.75, -1.75, 0],
			"scale": [0.7, 0.7, 0.7]
		},
		"head": {
			"rotation": [0, -135, 90],
			"translation": [0.25, 6.5, -1]
		},
		"fixed": {
			"rotation": [0, 90, 0],
			"translation": [-2, -2, -8]
		}
	}
}