{
    "providers": [
        {
            "type": "bitmap",
            "file": "minecraft:font/space_split.png",
            "ascent": -32768,
            "height": -3,
            "chars": [
                "\uF801"
            ]
        },
        {
            "type": "bitmap",
            "file": "minecraft:font/space_split.png",
            "ascent": -32768,
            "height": -4,
            "chars": [
                "\uF802"
            ]
        },
        {
            "type": "bitmap",
            "file": "minecraft:font/space_split.png",
            "ascent": -32768,
            "height": -5,
            "chars": [
                "\uF803"
            ]
        },
        {
            "type": "bitmap",
            "file": "minecraft:font/space_split.png",
            "ascent": -32768,
            "height": -6,
            "chars": [
                "\uF804"
            ]
        },
        {
            "type": "bitmap",
            "file": "minecraft:font/space_split.png",
            "ascent": -32768,
            "height": -7,
            "chars": [
                "\uF805"
            ]
        },
        {
            "type": "bitmap",
            "file": "minecraft:font/space_split.png",
            "ascent": -32768,
            "height": -8,
            "chars": [
                "\uF806"
            ]
        },
        {
            "type": "bitmap",
            "file": "minecraft:font/space_split.png",
            "ascent": -32768,
            "height": -9,
            "chars": [
                "\uF807"
            ]
        },
        {
            "type": "bitmap",
            "file": "minecraft:font/space_split.png",
            "ascent": -32768,
            "height": -10,
            "chars": [
                "\uF808"
            ]
        },
        {
            "type": "bitmap",
            "file": "minecraft:font/space_split.png",
            "ascent": -32768,
            "height": -18,
            "chars": [
                "\uF809"
            ]
        },
        {
            "type": "bitmap",
            "file": "minecraft:font/space_split.png",
            "ascent": -32768,
            "height": -34,
            "chars": [
                "\uF80A"
            ]
        },
        {
            "type": "bitmap",
            "file": "minecraft:font/space_split.png",
            "ascent": -32768,
            "height": -66,
            "chars": [
                "\uF80B"
            ]
        },
        {
            "type": "bitmap",
            "file": "minecraft:font/space_split.png",
            "ascent": -32768,
            "height": -130,
            "chars": [
                "\uF80C"
            ]
        },
        {
            "type": "bitmap",
            "file": "minecraft:font/space_split.png",
            "ascent": -32768,
            "height": -258,
            "chars": [
                "\uF80D"
            ]
        },
        {
            "type": "bitmap",
            "file": "minecraft:font/space_split.png",
            "ascent": -32768,
            "height": -514,
            "chars": [
                "\uF80E"
            ]
        },
        {
            "type": "bitmap",
            "file": "minecraft:font/space_split.png",
            "ascent": -32768,
            "height": -1026,
            "chars": [
                "\uF80F"
            ]
        },
        {
            "type": "bitmap",
            "file": "minecraft:font/space_split.png",
            "ascent": -65536,
            "height": -32770,
            "chars": [
                "\uF800"
            ]
        },
        {
            "type": "bitmap",
            "file": "minecraft:font/space_split.png",
            "ascent": -32768,
            "height": 0,
            "chars": [
                "\uF821"
            ]
        },
        {
            "type": "bitmap",
            "file": "minecraft:font/space_split.png",
            "ascent": -32768,
            "height": 1,
            "chars": [
                "\uF822"
            ]
        },
        {
            "type": "bitmap",
            "file": "minecraft:font/space_split.png",
            "ascent": -32768,
            "height": 2,
            "chars": [
                "\uF823"
            ]
        },
        {
            "type": "bitmap",
            "file": "minecraft:font/space_split.png",
            "ascent": -32768,
            "height": 3,
            "chars": [
                "\uF824"
            ]
        },
        {
            "type": "bitmap",
            "file": "minecraft:font/space_split.png",
            "ascent": -32768,
            "height": 4,
            "chars": [
                "\uF825"
            ]
        },
        {
            "type": "bitmap",
            "file": "minecraft:font/space_split.png",
            "ascent": -32768,
            "height": 5,
            "chars": [
                "\uF826"
            ]
        },
        {
            "type": "bitmap",
            "file": "minecraft:font/space_split.png",
            "ascent": -32768,
            "height": 6,
            "chars": [
                "\uF827"
            ]
        },
        {
            "type": "bitmap",
            "file": "minecraft:font/space_split.png",
            "ascent": -32768,
            "height": 7,
            "chars": [
                "\uF828"
            ]
        },
        {
            "type": "bitmap",
            "file": "minecraft:font/space_split.png",
            "ascent": -32768,
            "height": 15,
            "chars": [
                "\uF829"
            ]
        },
        {
            "type": "bitmap",
            "file": "minecraft:font/space_split.png",
            "ascent": -32768,
            "height": 31,
            "chars": [
                "\uF82A"
            ]
        },
        {
            "type": "bitmap",
            "file": "minecraft:font/space_split.png",
            "ascent": -32768,
            "height": 63,
            "chars": [
                "\uF82B"
            ]
        },
        {
            "type": "bitmap",
            "file": "minecraft:font/space_split.png",
            "ascent": -32768,
            "height": 127,
            "chars": [
                "\uF82C"
            ]
        },
        {
            "type": "bitmap",
            "file": "minecraft:font/space_split.png",
            "ascent": -32768,
            "height": 255,
            "chars": [
                "\uF82D"
            ]
        },
        {
            "type": "bitmap",
            "file": "minecraft:font/space_split.png",
            "ascent": -32768,
            "height": 511,
            "chars": [
                "\uF82E"
            ]
        },
        {
            "type": "bitmap",
            "file": "minecraft:font/space_split.png",
            "ascent": -32768,
            "height": 1023,
            "chars": [
                "\uF82F"
            ]
        },
        {
            "type": "bitmap",
            "file": "minecraft:font/space_split.png",
            "ascent": -65536,
            "height": 32767,
            "chars": [
                "\uF820"
            ]
        },
        {
            "type": "bitmap",
            "file": "minecraft:font/space_nosplit.png",
            "ascent": -32768,
            "height": -3,
            "chars": [
                "\uF811"
            ]
        },
        {
            "type": "bitmap",
            "file": "minecraft:font/space_nosplit.png",
            "ascent": -32768,
            "height": -4,
            "chars": [
                "\uF812"
            ]
        },
        {
            "type": "bitmap",
            "file": "minecraft:font/space_nosplit.png",
            "ascent": -32768,
            "height": -5,
            "chars": [
                "\uF813"
            ]
        },
        {
            "type": "bitmap",
            "file": "minecraft:font/space_nosplit.png",
            "ascent": -32768,
            "height": -6,
            "chars": [
                "\uF814"
            ]
        },
        {
            "type": "bitmap",
            "file": "minecraft:font/space_nosplit.png",
            "ascent": -32768,
            "height": -7,
            "chars": [
                "\uF815"
            ]
        },
        {
            "type": "bitmap",
            "file": "minecraft:font/space_nosplit.png",
            "ascent": -32768,
            "height": -8,
            "chars": [
                "\uF816"
            ]
        },
        {
            "type": "bitmap",
            "file": "minecraft:font/space_nosplit.png",
            "ascent": -32768,
            "height": -9,
            "chars": [
                "\uF817"
            ]
        },
        {
            "type": "bitmap",
            "file": "minecraft:font/space_nosplit.png",
            "ascent": -32768,
            "height": -10,
            "chars": [
                "\uF818"
            ]
        },
        {
            "type": "bitmap",
            "file": "minecraft:font/space_nosplit.png",
            "ascent": -32768,
            "height": -18,
            "chars": [
                "\uF819"
            ]
        },
        {
            "type": "bitmap",
            "file": "minecraft:font/space_nosplit.png",
            "ascent": -32768,
            "height": -34,
            "chars": [
                "\uF81A"
            ]
        },
        {
            "type": "bitmap",
            "file": "minecraft:font/space_nosplit.png",
            "ascent": -32768,
            "height": -66,
            "chars": [
                "\uF81B"
            ]
        },
        {
            "type": "bitmap",
            "file": "minecraft:font/space_nosplit.png",
            "ascent": -32768,
            "height": -130,
            "chars": [
                "\uF81C"
            ]
        },
        {
            "type": "bitmap",
            "file": "minecraft:font/space_nosplit.png",
            "ascent": -32768,
            "height": -258,
            "chars": [
                "\uF81D"
            ]
        },
        {
            "type": "bitmap",
            "file": "minecraft:font/space_nosplit.png",
            "ascent": -32768,
            "height": -514,
            "chars": [
                "\uF81E"
            ]
        },
        {
            "type": "bitmap",
            "file": "minecraft:font/space_nosplit.png",
            "ascent": -32768,
            "height": -1026,
            "chars": [
                "\uF81F"
            ]
        },
        {
            "type": "bitmap",
            "file": "minecraft:font/space_nosplit.png",
            "ascent": -65536,
            "height": -32770,
            "chars": [
                "\uF810"
            ]
        },
        {
            "type": "bitmap",
            "file": "minecraft:font/space_nosplit.png",
            "ascent": -32768,
            "height": 0,
            "chars": [
                "\uF831"
            ]
        },
        {
            "type": "bitmap",
            "file": "minecraft:font/space_nosplit.png",
            "ascent": -32768,
            "height": 1,
            "chars": [
                "\uF832"
            ]
        },
        {
            "type": "bitmap",
            "file": "minecraft:font/space_nosplit.png",
            "ascent": -32768,
            "height": 2,
            "chars": [
                "\uF833"
            ]
        },
        {
            "type": "bitmap",
            "file": "minecraft:font/space_nosplit.png",
            "ascent": -32768,
            "height": 3,
            "chars": [
                "\uF834"
            ]
        },
        {
            "type": "bitmap",
            "file": "minecraft:font/space_nosplit.png",
            "ascent": -32768,
            "height": 4,
            "chars": [
                "\uF835"
            ]
        },
        {
            "type": "bitmap",
            "file": "minecraft:font/space_nosplit.png",
            "ascent": -32768,
            "height": 5,
            "chars": [
                "\uF836"
            ]
        },
        {
            "type": "bitmap",
            "file": "minecraft:font/space_nosplit.png",
            "ascent": -32768,
            "height": 6,
            "chars": [
                "\uF837"
            ]
        },
        {
            "type": "bitmap",
            "file": "minecraft:font/space_nosplit.png",
            "ascent": -32768,
            "height": 7,
            "chars": [
                "\uF838"
            ]
        },
        {
            "type": "bitmap",
            "file": "minecraft:font/space_nosplit.png",
            "ascent": -32768,
            "height": 15,
            "chars": [
                "\uF839"
            ]
        },
        {
            "type": "bitmap",
            "file": "minecraft:font/space_nosplit.png",
            "ascent": -32768,
            "height": 31,
            "chars": [
                "\uF83A"
            ]
        },
        {
            "type": "bitmap",
            "file": "minecraft:font/space_nosplit.png",
            "ascent": -32768,
            "height": 63,
            "chars": [
                "\uF83B"
            ]
        },
        {
            "type": "bitmap",
            "file": "minecraft:font/space_nosplit.png",
            "ascent": -32768,
            "height": 127,
            "chars": [
                "\uF83C"
            ]
        },
        {
            "type": "bitmap",
            "file": "minecraft:font/space_nosplit.png",
            "ascent": -32768,
            "height": 255,
            "chars": [
                "\uF83D"
            ]
        },
        {
            "type": "bitmap",
            "file": "minecraft:font/space_nosplit.png",
            "ascent": -32768,
            "height": 511,
            "chars": [
                "\uF83E"
            ]
        },
        {
            "type": "bitmap",
            "file": "minecraft:font/space_nosplit.png",
            "ascent": -32768,
            "height": 1023,
            "chars": [
                "\uF83F"
            ]
        },
        {
            "type": "bitmap",
            "file": "minecraft:font/space_nosplit.png",
            "ascent": -65536,
            "height": 32767,
            "chars": [
                "\uF830"
            ]
        },
		
		{
			"type": "bitmap",
			"file": "minecraft:font/number/maple/maple0.png",
			"ascent": 10,
			"height": 17,
			"chars": ["\u4000\u4001\u4002\u4003\u4004\u4005\u4006\u4007\u4008\u4009"]
		},
		{
			"type": "bitmap",
			"file": "minecraft:font/number/maple/maple0.png",
			"ascent": 8,
			"height": 16,
			"chars": ["\u400A\u400B\u400C\u400D\u400E\u400F\u4010\u4011\u4012\u4013"]
		},
		{
			"type": "bitmap",
			"file": "minecraft:font/number/maple/maple0.png",
			"ascent": 10,
			"height": 16,
			"chars": ["\u4014\u4015\u4016\u4017\u4018\u4019\u401A\u401B\u401C\u401D"]
		},
		{
			"type": "bitmap",
			"file": "minecraft:font/number/maple/maple1.png",
			"ascent": 10,
			"height": 17,
			"chars": ["\u401E\u401F\u4020\u4021\u4022\u4023\u4024\u4025\u4026\u4027"]
		},
		{
			"type": "bitmap",
			"file": "minecraft:font/number/maple/maple1.png",
			"ascent": 8,
			"height": 16,
			"chars": ["\u4028\u4029\u402A\u402B\u402C\u402D\u402E\u402F\u4030\u4031"]
		},
		{
			"type": "bitmap",
			"file": "minecraft:font/number/maple/maple1.png",
			"ascent": 10,
			"height": 16,
			"chars": ["\u4032\u4033\u4034\u4035\u4036\u4037\u4038\u4039\u403A\u403B"]
		},
		{
			"type": "bitmap",
			"file": "minecraft:font/number/maple/maple_counter.png",
			"ascent": 10,
			"height": 20,
			"chars": ["\u403C"]
		},
		{
			"type": "bitmap",
			"file": "minecraft:font/number/maple/maple_critical.png",
			"ascent": 10,
			"height": 20,
			"chars": ["\u403D"]
		},
		{
			"type": "bitmap",
			"file": "minecraft:font/number/maple/maple_guard.png",
			"ascent": 10,
			"height": 20,
			"chars": ["\u403E"]
		},
		{
			"type": "bitmap",
			"file": "minecraft:font/number/maple/maple_miss.png",
			"ascent": 10,
			"height": 20,
			"chars": ["\u403F"]
		},
		{
			"type": "bitmap",
			"file": "minecraft:font/number/maple/maple_resist.png",
			"ascent": 10,
			"height": 20,
			"chars": ["\u4040"]
		},
		{
			"type": "bitmap",
			"file": "minecraft:font/number/maple/maple_shot.png",
			"ascent": 10,
			"height": 20,
			"chars": ["\u4041"]
		},
		{
			"type": "bitmap",
			"file": "minecraft:font/bar/1bar.png",
			"ascent": 8,
			"height": 10,
			"chars": [
			"\u4042\u4043",
			"\u4044\u4045",
			"\u4046\u4047",
			"\u4048\u4049",
			"\u404A\u404B"]
		},
		{
			"type": "bitmap",
			"file": "minecraft:font/bar/2bar.png",
			"ascent": 8,
			"height": 10,
			"chars": [
			"\u404C\u404D",
			"\u404E\u404F",
			"\u4050\u4051",
			"\u4052\u4053",
			"\u4054\u4055"]
		},
		{
			"type": "bitmap",
			"file": "minecraft:font/bar/3bar.png",
			"ascent": 8,
			"height": 10,
			"chars": [
			"\u4056\u4057",
			"\u4058\u4059",
			"\u405A\u405B",
			"\u405C\u405D",
			"\u405E\u405F"]
		},
		{
			"type": "bitmap",
			"file": "minecraft:font/bar/1bar.png",
			"ascent": -5,
			"height": 12,
			"chars": [
			"\u4060\u4061",
			"\u4062\u4063",
			"\u4064\u4065",
			"\u4066\u4067",
			"\u4068\u4069"]
		},
		{
			"type": "bitmap",
			"file": "minecraft:font/bar/2bar.png",
			"ascent": -5,
			"height": 12,
			"chars": [
			"\u406A\u406B",
			"\u406C\u406D",
			"\u406E\u406F",
			"\u4070\u4071",
			"\u4072\u4073"]
		},
		{
			"type": "bitmap",
			"file": "minecraft:font/bar/3bar.png",
			"ascent": -5,
			"height": 12,
			"chars": [
			"\u4074\u4075",
			"\u4076\u4077",
			"\u4078\u4079",
			"\u407A\u407B",
			"\u407C\u407D"]
		},
		{
			"type": "bitmap",
			"file": "minecraft:font/picture_offects/white.png",
			"ascent": 200,
			"height": 400,
			"chars": ["\u407E"]
		},
		{
			"type": "bitmap",
			"file": "minecraft:font/picture_offects/blood1.png",
			"ascent": 100,
			"height": 200,
			"chars": ["\u407F"]
		},
		{
			"type": "bitmap",
			"file": "minecraft:font/bar/1bar_2.png",
			"ascent": 20,
			"height": 20,
			"chars": [
			"\u4080\u4081",
			"\u4082\u4083",
			"\u4084\u4085",
			"\u4086\u4087",
			"\u4088\u4089"]
		},
		{
			"type": "bitmap",
			"file": "minecraft:font/bar/2bar_2.png",
			"ascent": 20,
			"height": 20,
			"chars": [
			"\u408A\u408B",
			"\u408C\u408D",
			"\u408E\u408F",
			"\u4090\u4091",
			"\u4092\u4093"]
		},
		{
			"type": "bitmap",
			"file": "minecraft:font/bar/3bar_2.png",
			"ascent": 20,
			"height": 20,
			"chars": [
			"\u4094\u4095",
			"\u4096\u4097",
			"\u4098\u4099",
			"\u409A\u409B",
			"\u409C\u409D"]
		},
		{
			"type": "bitmap",
			"file": "minecraft:font/emoticons/help.png",
			"ascent": 40,
			"height": 40,
			"chars": [
			"\u409E\u409F\u40A0\u40A1\u40A2",
			"\u40A3\u40A4\u40A5\u40A6\u40A7",
			"\u40A8\u40A9\u40AA\u40AB\u40AC"]
		},
		{
			"type": "bitmap",
			"file": "minecraft:font/emoticons/chat_left.png",
			"ascent": 10,
			"height": 15,
			"chars": ["\u40AD"]
		},
		{
			"type": "bitmap",
			"file": "minecraft:font/emoticons/chat_mid.png",
			"ascent": 10,
			"height": 15,
			"chars": ["\u40AE"]
		},
		{
			"type": "bitmap",
			"file": "minecraft:font/emoticons/chat_right.png",
			"ascent": 10,
			"height": 15,
			"chars": ["\u40AF"]
		},
		{
			"type": "bitmap",
			"file": "minecraft:font/emoticons/chat_tail.png",
			"ascent": 5,
			"height": 5,
			"chars": ["\u40B0"]
		},
		{
            "type": "bitmap",
            "file": "minecraft:font/space_split.png",
            "ascent": -32768,
            "height": -12,
            "chars": [
                "\u40B1"
            ]
        }
    ]
}