{
	"parent": "item/generated",
	"textures": {
		"layer0": "item/stick"
	},
	"overrides": [
		{"predicate": {"custom_model_data":1}, "model": "item/weapons/gauntlets/adventurer_gauntlets"},
		{"predicate": {"custom_model_data":710}, "model": "item/weapons/warhammers/void_hammer"},
		{"predicate": {"custom_model_data":602}, "model": "item/weapons/maces/golden_mace"},

		{"predicate": {"custom_model_data":10001}, "model": "item/modifiers/anti-arrow-plating"},
		{"predicate": {"custom_model_data":10002}, "model": "item/modifiers/anti-blast-plating"},
		{"predicate": {"custom_model_data":10003}, "model": "item/modifiers/aquaphilic"},
		{"predicate": {"custom_model_data":10004}, "model": "item/modifiers/auto-smelt"},
		{"predicate": {"custom_model_data":10005}, "model": "item/modifiers/beheading"},
		{"predicate": {"custom_model_data":10006}, "model": "item/modifiers/berserk"},
		{"predicate": {"custom_model_data":10007}, "model": "item/modifiers/channeling"},
		{"predicate": {"custom_model_data":10008}, "model": "item/modifiers/directing"},
		{"predicate": {"custom_model_data":10009}, "model": "item/modifiers/ender"},
		{"predicate": {"custom_model_data":10010}, "model": "item/modifiers/fiery"},
		{"predicate": {"custom_model_data":10011}, "model": "item/modifiers/freezing"},
		{"predicate": {"custom_model_data":10012}, "model": "item/modifiers/glowing"},
		{"predicate": {"custom_model_data":10013}, "model": "item/modifiers/haste"},
		{"predicate": {"custom_model_data":10014}, "model": "item/modifiers/infinity"},
		{"predicate": {"custom_model_data":10015}, "model": "item/modifiers/anti-fire-plating"},
		{"predicate": {"custom_model_data":10016}, "model": "item/modifiers/kinetic-plating"},
		{"predicate": {"custom_model_data":10017}, "model": "item/modifiers/knockback"},
		{"predicate": {"custom_model_data":10018}, "model": "item/modifiers/lifesteal"},
		{"predicate": {"custom_model_data":10019}, "model": "item/modifiers/light-weight"},
		{"predicate": {"custom_model_data":10020}, "model": "item/modifiers/luck"},
		{"predicate": {"custom_model_data":10021}, "model": "item/modifiers/magical"},
		{"predicate": {"custom_model_data":10022}, "model": "item/modifiers/melting"},
		{"predicate": {"custom_model_data":10023}, "model": "item/modifiers/multishot"},
		{"predicate": {"custom_model_data":10024}, "model": "item/modifiers/photosynthesis"},
		{"predicate": {"custom_model_data":10025}, "model": "item/modifiers/piercing"},
		{"predicate": {"custom_model_data":10026}, "model": "item/modifiers/poisonous"},
		{"predicate": {"custom_model_data":10027}, "model": "item/modifiers/power"},
		{"predicate": {"custom_model_data":10028}, "model": "item/modifiers/propelling"},
		{"predicate": {"custom_model_data":10029}, "model": "item/modifiers/protecting"},
		{"predicate": {"custom_model_data":10030}, "model": "item/modifiers/reinforced"},
		{"predicate": {"custom_model_data":10031}, "model": "item/modifiers/self-repair"},
		{"predicate": {"custom_model_data":10032}, "model": "item/modifiers/sharpness"},
		{"predicate": {"custom_model_data":10033}, "model": "item/modifiers/shulking"},
		{"predicate": {"custom_model_data":10034}, "model": "item/modifiers/silk-touch"},
		{"predicate": {"custom_model_data":10035}, "model": "item/modifiers/smite"},
		{"predicate": {"custom_model_data":10036}, "model": "item/modifiers/soulbound"},
		{"predicate": {"custom_model_data":10037}, "model": "item/modifiers/speedy"},
		{"predicate": {"custom_model_data":10038}, "model": "item/modifiers/spiders-bane"},
		{"predicate": {"custom_model_data":10039}, "model": "item/modifiers/sweeping"},
		{"predicate": {"custom_model_data":10040}, "model": "item/modifiers/tanky"},
		{"predicate": {"custom_model_data":10041}, "model": "item/modifiers/thorned"},
		{"predicate": {"custom_model_data":10042}, "model": "item/modifiers/timber"},
		{"predicate": {"custom_model_data":10043}, "model": "item/modifiers/webbed"},
		{"predicate": {"custom_model_data":10044}, "model": "item/modifiers/evasion"},
		{"predicate": {"custom_model_data":10045}, "model": "item/modifiers/drilling"},
		{"predicate": {"custom_model_data":10046}, "model": "item/modifiers/hardened"}
	]
}